 i, I
im ,I'm 
 fr, for real
fr ,for real 
gtg ,good to go 
istg ,I swear to god 
idk ,I don't know 
ig ,I guess 
ngl ,not going to lie 
imo ,in my opinion 
iphone,iPhone
Iphone,iPhone
Latex,LaTeX
Macrolarge,Microsoft
Ps4,PS4
Ps5,PS5
Javascript,JavaScript
Typescript,TypeScript
Nodejs,Node.js
Reactjs,React
Vuejs,Vue.js
Github,GitHub
Gitlab,GitLab
Vscode,VSCode
Macos,macOS
Sql,SQL
Mysql,MySQL
Wifi,Wi-Fi
 wifi,Wi-Fi
wifi ,Wi-Fi 
WIFI, Wi-Fi
WiFi, Wi-Fi
 asap, As Soon As Possible
fyi,for your information
WIP,Work In Progress
wip ,work in progress 
FAQ,Frequently Asked Questions
password123,[password]
ceab90a8-6a02-43be-92fd-7192850106ed,[uuid]
c3db9d09-37a5-40f8-95fd-933369127faa,[APIkey]
secret_token_8899,[token]
admin@example.com,[e-mail]
0912345678,[phoneNumber]
1234-5678-9012-3456,[creditCardNumber]
https://internal.server.local,[internalURL]